"labels","secs"
"no tex",353.738213062286
"standard",374.873232126236
"all tex",366.76545882225
