"labels","perplexity","words"
"no tex",1375.70253641643,11905
"standard",1342.88587710875,12035
"all tex",1234.7139652718,12143
